ts,name,cpu,mem
14:30:44,lucky-star-wallet-service,29.03%,537.4MiB / 15.47GiB
14:30:44,lucky-star-gateway-service,0.11%,515.9MiB / 15.47GiB
14:30:44,lucky-star-game-service,0.85%,984.6MiB / 15.47GiB
14:30:44,lucky-star-member-service,0.22%,701.1MiB / 15.47GiB
14:30:44,lucky-star-admin-service,0.39%,661.1MiB / 15.47GiB
14:30:44,lucky-star-rank-service,0.50%,632.2MiB / 15.47GiB
14:30:44,lucky-star-notification-service,0.32%,344.2MiB / 15.47GiB
14:30:44,lucky-star-kafka-ui,0.08%,290.9MiB / 15.47GiB
14:30:44,lucky-star-postgres,0.79%,701.7MiB / 15.47GiB
14:30:44,lucky-star-redis,0.33%,12.99MiB / 15.47GiB
14:30:44,lucky-star-kafka,8.49%,1.233GiB / 15.47GiB
14:30:44,lucky-star-mysql,19.22%,601.6MiB / 15.47GiB
14:30:44,lucky-star-grafana,0.09%,58.07MiB / 15.47GiB
14:30:44,lucky-star-prometheus,1.03%,76.39MiB / 15.47GiB
14:30:44,lucky-star-zookeeper,0.06%,135MiB / 15.47GiB
14:30:45,lucky-star-wallet-service,32.29%,538.1MiB / 15.47GiB
14:30:45,lucky-star-gateway-service,1.07%,516.2MiB / 15.47GiB
14:30:45,lucky-star-game-service,0.27%,984.6MiB / 15.47GiB
14:30:45,lucky-star-member-service,0.24%,701.7MiB / 15.47GiB
14:30:45,lucky-star-admin-service,0.97%,660.6MiB / 15.47GiB
14:30:45,lucky-star-rank-service,0.41%,632.3MiB / 15.47GiB
14:30:45,lucky-star-notification-service,0.48%,344.2MiB / 15.47GiB
14:30:45,lucky-star-kafka-ui,0.07%,290.9MiB / 15.47GiB
14:30:45,lucky-star-postgres,0.60%,701.4MiB / 15.47GiB
14:30:45,lucky-star-redis,0.28%,13.25MiB / 15.47GiB
14:30:45,lucky-star-kafka,8.10%,1.233GiB / 15.47GiB
14:30:45,lucky-star-mysql,19.39%,600.9MiB / 15.47GiB
14:30:45,lucky-star-grafana,0.03%,58.07MiB / 15.47GiB
14:30:45,lucky-star-prometheus,2.55%,76.64MiB / 15.47GiB
14:30:45,lucky-star-zookeeper,0.09%,134.9MiB / 15.47GiB
14:30:47,lucky-star-wallet-service,26.33%,537.4MiB / 15.47GiB
14:30:47,lucky-star-gateway-service,5.48%,516.4MiB / 15.47GiB
14:30:47,lucky-star-game-service,3.89%,985MiB / 15.47GiB
14:30:47,lucky-star-member-service,4.53%,701.3MiB / 15.47GiB
14:30:47,lucky-star-admin-service,0.42%,660.1MiB / 15.47GiB
14:30:47,lucky-star-rank-service,3.35%,631.1MiB / 15.47GiB
14:30:47,lucky-star-notification-service,7.91%,344MiB / 15.47GiB
14:30:47,lucky-star-kafka-ui,0.13%,290.9MiB / 15.47GiB
14:30:47,lucky-star-postgres,0.99%,701.4MiB / 15.47GiB
14:30:47,lucky-star-redis,0.36%,13.5MiB / 15.47GiB
14:30:47,lucky-star-kafka,79.70%,1.274GiB / 15.47GiB
14:30:47,lucky-star-mysql,28.14%,600.1MiB / 15.47GiB
14:30:47,lucky-star-grafana,0.05%,57.82MiB / 15.47GiB
14:30:47,lucky-star-prometheus,0.51%,76.02MiB / 15.47GiB
14:30:47,lucky-star-zookeeper,0.09%,134.7MiB / 15.47GiB
14:30:49,lucky-star-wallet-service,474.05%,566.4MiB / 15.47GiB
14:30:49,lucky-star-gateway-service,65.81%,518.1MiB / 15.47GiB
14:30:49,lucky-star-game-service,161.86%,992.6MiB / 15.47GiB
14:30:49,lucky-star-member-service,2.36%,701.1MiB / 15.47GiB
14:30:49,lucky-star-admin-service,30.79%,660.9MiB / 15.47GiB
14:30:49,lucky-star-rank-service,18.75%,631.1MiB / 15.47GiB
14:30:49,lucky-star-notification-service,16.92%,343.7MiB / 15.47GiB
14:30:49,lucky-star-kafka-ui,0.09%,290.9MiB / 15.47GiB
14:30:49,lucky-star-postgres,101.22%,749MiB / 15.47GiB
14:30:49,lucky-star-redis,16.53%,13.69MiB / 15.47GiB
14:30:49,lucky-star-kafka,139.22%,1.315GiB / 15.47GiB
14:30:49,lucky-star-mysql,20.70%,600.2MiB / 15.47GiB
14:30:49,lucky-star-grafana,0.10%,57.82MiB / 15.47GiB
14:30:49,lucky-star-prometheus,0.52%,74.88MiB / 15.47GiB
14:30:49,lucky-star-zookeeper,0.16%,134.7MiB / 15.47GiB
14:30:51,lucky-star-wallet-service,422.80%,578.5MiB / 15.47GiB
14:30:51,lucky-star-gateway-service,80.55%,517.6MiB / 15.47GiB
14:30:51,lucky-star-game-service,182.74%,993.2MiB / 15.47GiB
14:30:51,lucky-star-member-service,0.46%,701.1MiB / 15.47GiB
14:30:51,lucky-star-admin-service,31.44%,661.4MiB / 15.47GiB
14:30:51,lucky-star-rank-service,21.23%,630.6MiB / 15.47GiB
14:30:51,lucky-star-notification-service,19.39%,343.7MiB / 15.47GiB
14:30:51,lucky-star-kafka-ui,0.24%,290.9MiB / 15.47GiB
14:30:51,lucky-star-postgres,107.74%,767.7MiB / 15.47GiB
14:30:51,lucky-star-redis,18.05%,14.2MiB / 15.47GiB
14:30:51,lucky-star-kafka,81.04%,1.233GiB / 15.47GiB
14:30:51,lucky-star-mysql,22.25%,599.3MiB / 15.47GiB
14:30:51,lucky-star-grafana,1.15%,58.32MiB / 15.47GiB
14:30:51,lucky-star-prometheus,0.43%,74.88MiB / 15.47GiB
14:30:51,lucky-star-zookeeper,0.17%,134.7MiB / 15.47GiB
14:30:54,lucky-star-wallet-service,422.01%,592.9MiB / 15.47GiB
14:30:54,lucky-star-gateway-service,71.56%,518.3MiB / 15.47GiB
14:30:54,lucky-star-game-service,202.73%,994.5MiB / 15.47GiB
14:30:54,lucky-star-member-service,0.27%,701.1MiB / 15.47GiB
14:30:54,lucky-star-admin-service,31.75%,660.7MiB / 15.47GiB
14:30:54,lucky-star-rank-service,20.93%,630.8MiB / 15.47GiB
14:30:54,lucky-star-notification-service,16.61%,344.2MiB / 15.47GiB
14:30:54,lucky-star-kafka-ui,0.12%,290.9MiB / 15.47GiB
14:30:54,lucky-star-postgres,95.85%,771.9MiB / 15.47GiB
14:30:54,lucky-star-redis,19.70%,13.27MiB / 15.47GiB
14:30:54,lucky-star-kafka,73.59%,1.233GiB / 15.47GiB
14:30:54,lucky-star-mysql,20.25%,599.7MiB / 15.47GiB
14:30:54,lucky-star-grafana,0.04%,57.82MiB / 15.47GiB
14:30:54,lucky-star-prometheus,0.52%,74.88MiB / 15.47GiB
14:30:54,lucky-star-zookeeper,0.13%,134.7MiB / 15.47GiB
14:30:56,lucky-star-wallet-service,400.14%,602.1MiB / 15.47GiB
14:30:56,lucky-star-gateway-service,84.80%,518.1MiB / 15.47GiB
14:30:56,lucky-star-game-service,203.87%,994.8MiB / 15.47GiB
14:30:56,lucky-star-member-service,0.40%,701.1MiB / 15.47GiB
14:30:56,lucky-star-admin-service,29.94%,661.1MiB / 15.47GiB
14:30:56,lucky-star-rank-service,20.62%,631.3MiB / 15.47GiB
14:30:56,lucky-star-notification-service,16.34%,343.7MiB / 15.47GiB
14:30:56,lucky-star-kafka-ui,1.20%,290.9MiB / 15.47GiB
14:30:56,lucky-star-postgres,109.34%,776.7MiB / 15.47GiB
14:30:56,lucky-star-redis,20.53%,13.52MiB / 15.47GiB
14:30:56,lucky-star-kafka,82.85%,1.233GiB / 15.47GiB
14:30:56,lucky-star-mysql,20.81%,599.7MiB / 15.47GiB
14:30:56,lucky-star-grafana,0.07%,57.82MiB / 15.47GiB
14:30:56,lucky-star-prometheus,0.80%,75.66MiB / 15.47GiB
14:30:56,lucky-star-zookeeper,0.09%,134.7MiB / 15.47GiB
14:30:58,lucky-star-wallet-service,411.76%,604.3MiB / 15.47GiB
14:30:58,lucky-star-gateway-service,85.45%,518.4MiB / 15.47GiB
14:30:58,lucky-star-game-service,210.80%,996MiB / 15.47GiB
14:30:58,lucky-star-member-service,6.00%,701.1MiB / 15.47GiB
14:30:58,lucky-star-admin-service,21.65%,660.6MiB / 15.47GiB
14:30:58,lucky-star-rank-service,11.32%,630.6MiB / 15.47GiB
14:30:58,lucky-star-notification-service,20.91%,343.9MiB / 15.47GiB
14:30:58,lucky-star-kafka-ui,0.09%,290.9MiB / 15.47GiB
14:30:58,lucky-star-postgres,106.14%,779.5MiB / 15.47GiB
14:30:58,lucky-star-redis,13.80%,14.04MiB / 15.47GiB
14:30:58,lucky-star-kafka,80.30%,1.235GiB / 15.47GiB
14:30:58,lucky-star-mysql,23.79%,599.5MiB / 15.47GiB
14:30:58,lucky-star-grafana,0.17%,57.82MiB / 15.47GiB
14:30:58,lucky-star-prometheus,1.12%,74.91MiB / 15.47GiB
14:30:58,lucky-star-zookeeper,0.14%,134.7MiB / 15.47GiB
14:31:00,lucky-star-wallet-service,354.36%,608.2MiB / 15.47GiB
14:31:00,lucky-star-gateway-service,102.22%,519.3MiB / 15.47GiB
14:31:00,lucky-star-game-service,203.20%,996.1MiB / 15.47GiB
14:31:00,lucky-star-member-service,0.71%,701.1MiB / 15.47GiB
14:31:00,lucky-star-admin-service,30.91%,660.4MiB / 15.47GiB
14:31:00,lucky-star-rank-service,20.28%,630.6MiB / 15.47GiB
14:31:00,lucky-star-notification-service,18.75%,343.7MiB / 15.47GiB
14:31:00,lucky-star-kafka-ui,0.12%,290.9MiB / 15.47GiB
14:31:00,lucky-star-postgres,101.49%,779.8MiB / 15.47GiB
14:31:00,lucky-star-redis,18.48%,14.42MiB / 15.47GiB
14:31:00,lucky-star-kafka,84.18%,1.236GiB / 15.47GiB
14:31:00,lucky-star-mysql,22.90%,599.3MiB / 15.47GiB
14:31:00,lucky-star-grafana,0.07%,57.82MiB / 15.47GiB
14:31:00,lucky-star-prometheus,2.28%,74.92MiB / 15.47GiB
14:31:00,lucky-star-zookeeper,0.13%,134.7MiB / 15.47GiB
14:31:02,lucky-star-wallet-service,396.55%,646.9MiB / 15.47GiB
14:31:02,lucky-star-gateway-service,81.98%,522.3MiB / 15.47GiB
14:31:02,lucky-star-game-service,179.20%,996.9MiB / 15.47GiB
14:31:02,lucky-star-member-service,0.41%,701.1MiB / 15.47GiB
14:31:02,lucky-star-admin-service,30.45%,661.1MiB / 15.47GiB
14:31:02,lucky-star-rank-service,17.65%,631.1MiB / 15.47GiB
14:31:02,lucky-star-notification-service,18.52%,343.7MiB / 15.47GiB
14:31:02,lucky-star-kafka-ui,0.11%,290.9MiB / 15.47GiB
14:31:02,lucky-star-postgres,86.67%,784.3MiB / 15.47GiB
14:31:02,lucky-star-redis,17.62%,13.29MiB / 15.47GiB
14:31:02,lucky-star-kafka,133.25%,1.272GiB / 15.47GiB
14:31:02,lucky-star-mysql,17.67%,599.8MiB / 15.47GiB
14:31:02,lucky-star-grafana,0.07%,57.82MiB / 15.47GiB
14:31:02,lucky-star-prometheus,0.44%,75.16MiB / 15.47GiB
14:31:02,lucky-star-zookeeper,0.09%,134.7MiB / 15.47GiB
14:31:04,lucky-star-wallet-service,344.18%,653.8MiB / 15.47GiB
14:31:04,lucky-star-gateway-service,84.27%,522.4MiB / 15.47GiB
14:31:04,lucky-star-game-service,210.55%,997.1MiB / 15.47GiB
14:31:04,lucky-star-member-service,2.08%,701.1MiB / 15.47GiB
14:31:04,lucky-star-admin-service,21.79%,660.8MiB / 15.47GiB
14:31:04,lucky-star-rank-service,16.35%,631.1MiB / 15.47GiB
14:31:04,lucky-star-notification-service,19.06%,344.2MiB / 15.47GiB
14:31:04,lucky-star-kafka-ui,0.13%,290.9MiB / 15.47GiB
14:31:04,lucky-star-postgres,98.87%,786MiB / 15.47GiB
14:31:04,lucky-star-redis,16.72%,13.71MiB / 15.47GiB
14:31:04,lucky-star-kafka,124.75%,1.292GiB / 15.47GiB
14:31:04,lucky-star-mysql,22.34%,599.6MiB / 15.47GiB
14:31:04,lucky-star-grafana,0.08%,57.82MiB / 15.47GiB
14:31:04,lucky-star-prometheus,0.75%,74.95MiB / 15.47GiB
14:31:04,lucky-star-zookeeper,0.15%,134.7MiB / 15.47GiB
14:31:06,lucky-star-wallet-service,294.56%,646.9MiB / 15.47GiB
14:31:06,lucky-star-gateway-service,80.49%,522.8MiB / 15.47GiB
14:31:06,lucky-star-game-service,195.00%,996.8MiB / 15.47GiB
14:31:06,lucky-star-member-service,0.46%,701.1MiB / 15.47GiB
14:31:06,lucky-star-admin-service,28.38%,661.3MiB / 15.47GiB
14:31:06,lucky-star-rank-service,20.02%,630.6MiB / 15.47GiB
14:31:06,lucky-star-notification-service,16.59%,344.2MiB / 15.47GiB
14:31:06,lucky-star-kafka-ui,0.10%,290.9MiB / 15.47GiB
14:31:06,lucky-star-postgres,98.20%,786.6MiB / 15.47GiB
14:31:06,lucky-star-redis,26.10%,14.02MiB / 15.47GiB
14:31:06,lucky-star-kafka,179.69%,1.315GiB / 15.47GiB
14:31:06,lucky-star-mysql,24.58%,599.8MiB / 15.47GiB
14:31:06,lucky-star-grafana,0.05%,57.82MiB / 15.47GiB
14:31:06,lucky-star-prometheus,1.10%,74.92MiB / 15.47GiB
14:31:06,lucky-star-zookeeper,0.11%,134.7MiB / 15.47GiB
14:31:08,lucky-star-wallet-service,329.55%,652.9MiB / 15.47GiB
14:31:08,lucky-star-gateway-service,82.38%,521.7MiB / 15.47GiB
14:31:08,lucky-star-game-service,207.47%,996.8MiB / 15.47GiB
14:31:08,lucky-star-member-service,0.33%,701MiB / 15.47GiB
14:31:08,lucky-star-admin-service,33.62%,660.8MiB / 15.47GiB
14:31:08,lucky-star-rank-service,19.26%,630.8MiB / 15.47GiB
14:31:08,lucky-star-notification-service,18.55%,343.4MiB / 15.47GiB
14:31:08,lucky-star-kafka-ui,0.15%,290.9MiB / 15.47GiB
14:31:08,lucky-star-postgres,104.35%,786.3MiB / 15.47GiB
14:31:08,lucky-star-redis,20.70%,13.29MiB / 15.47GiB
14:31:08,lucky-star-kafka,80.31%,1.235GiB / 15.47GiB
14:31:08,lucky-star-mysql,22.19%,600MiB / 15.47GiB
14:31:08,lucky-star-grafana,0.13%,58.07MiB / 15.47GiB
14:31:08,lucky-star-prometheus,0.51%,74.92MiB / 15.47GiB
14:31:08,lucky-star-zookeeper,0.11%,134.7MiB / 15.47GiB
14:31:11,lucky-star-wallet-service,360.66%,649.9MiB / 15.47GiB
14:31:11,lucky-star-gateway-service,81.31%,522.3MiB / 15.47GiB
14:31:11,lucky-star-game-service,198.83%,997.3MiB / 15.47GiB
14:31:11,lucky-star-member-service,0.54%,701MiB / 15.47GiB
14:31:11,lucky-star-admin-service,46.66%,661.6MiB / 15.47GiB
14:31:11,lucky-star-rank-service,20.78%,631.3MiB / 15.47GiB
14:31:11,lucky-star-notification-service,18.68%,344.1MiB / 15.47GiB
14:31:11,lucky-star-kafka-ui,0.15%,290.9MiB / 15.47GiB
14:31:11,lucky-star-postgres,108.05%,787.4MiB / 15.47GiB
14:31:11,lucky-star-redis,17.29%,14.08MiB / 15.47GiB
14:31:11,lucky-star-kafka,69.81%,1.236GiB / 15.47GiB
14:31:11,lucky-star-mysql,21.62%,599.3MiB / 15.47GiB
14:31:11,lucky-star-grafana,0.07%,57.82MiB / 15.47GiB
14:31:11,lucky-star-prometheus,0.80%,74.93MiB / 15.47GiB
14:31:11,lucky-star-zookeeper,6.53%,135MiB / 15.47GiB
14:31:13,lucky-star-wallet-service,318.75%,651.6MiB / 15.47GiB
14:31:13,lucky-star-gateway-service,90.08%,522MiB / 15.47GiB
14:31:13,lucky-star-game-service,224.15%,997.1MiB / 15.47GiB
14:31:13,lucky-star-member-service,0.42%,701MiB / 15.47GiB
14:31:13,lucky-star-admin-service,34.66%,660.9MiB / 15.47GiB
14:31:13,lucky-star-rank-service,24.70%,631.1MiB / 15.47GiB
14:31:13,lucky-star-notification-service,23.41%,343.9MiB / 15.47GiB
14:31:13,lucky-star-kafka-ui,0.10%,290.9MiB / 15.47GiB
14:31:13,lucky-star-postgres,108.24%,789MiB / 15.47GiB
14:31:13,lucky-star-redis,20.99%,13.95MiB / 15.47GiB
14:31:13,lucky-star-kafka,82.65%,1.242GiB / 15.47GiB
14:31:13,lucky-star-mysql,22.90%,600.1MiB / 15.47GiB
14:31:13,lucky-star-grafana,0.10%,57.82MiB / 15.47GiB
14:31:13,lucky-star-prometheus,0.93%,75.16MiB / 15.47GiB
14:31:13,lucky-star-zookeeper,0.13%,134.7MiB / 15.47GiB
14:31:15,lucky-star-wallet-service,287.08%,651.3MiB / 15.47GiB
14:31:15,lucky-star-gateway-service,100.91%,522.4MiB / 15.47GiB
14:31:15,lucky-star-game-service,224.69%,997.5MiB / 15.47GiB
14:31:15,lucky-star-member-service,1.96%,701MiB / 15.47GiB
14:31:15,lucky-star-admin-service,34.38%,662.9MiB / 15.47GiB
14:31:15,lucky-star-rank-service,19.84%,631.5MiB / 15.47GiB
14:31:15,lucky-star-notification-service,20.23%,343.7MiB / 15.47GiB
14:31:15,lucky-star-kafka-ui,0.09%,290.9MiB / 15.47GiB
14:31:15,lucky-star-postgres,104.01%,787.8MiB / 15.47GiB
14:31:15,lucky-star-redis,19.87%,13.92MiB / 15.47GiB
14:31:15,lucky-star-kafka,77.52%,1.243GiB / 15.47GiB
14:31:15,lucky-star-mysql,24.58%,599.1MiB / 15.47GiB
14:31:15,lucky-star-grafana,0.05%,57.82MiB / 15.47GiB
14:31:15,lucky-star-prometheus,1.74%,75.1MiB / 15.47GiB
14:31:15,lucky-star-zookeeper,0.15%,134.7MiB / 15.47GiB
14:31:17,lucky-star-wallet-service,300.40%,696.8MiB / 15.47GiB
14:31:17,lucky-star-gateway-service,89.95%,522.3MiB / 15.47GiB
14:31:17,lucky-star-game-service,210.99%,996.8MiB / 15.47GiB
14:31:17,lucky-star-member-service,0.52%,701MiB / 15.47GiB
14:31:17,lucky-star-admin-service,32.83%,662.6MiB / 15.47GiB
14:31:17,lucky-star-rank-service,26.02%,632.8MiB / 15.47GiB
14:31:17,lucky-star-notification-service,21.61%,343.7MiB / 15.47GiB
14:31:17,lucky-star-kafka-ui,0.11%,290.9MiB / 15.47GiB
14:31:17,lucky-star-postgres,98.75%,789.1MiB / 15.47GiB
14:31:17,lucky-star-redis,27.54%,13.47MiB / 15.47GiB
14:31:17,lucky-star-kafka,81.24%,1.244GiB / 15.47GiB
14:31:17,lucky-star-mysql,24.96%,599.3MiB / 15.47GiB
14:31:17,lucky-star-grafana,0.04%,57.82MiB / 15.47GiB
14:31:17,lucky-star-prometheus,0.04%,75.43MiB / 15.47GiB
14:31:17,lucky-star-zookeeper,0.10%,134.7MiB / 15.47GiB
14:31:19,lucky-star-wallet-service,246.87%,700.2MiB / 15.47GiB
14:31:19,lucky-star-gateway-service,89.46%,521.6MiB / 15.47GiB
14:31:19,lucky-star-game-service,225.94%,997.9MiB / 15.47GiB
14:31:19,lucky-star-member-service,1.35%,701MiB / 15.47GiB
14:31:19,lucky-star-admin-service,29.46%,662.4MiB / 15.47GiB
14:31:19,lucky-star-rank-service,16.64%,630.8MiB / 15.47GiB
14:31:19,lucky-star-notification-service,16.19%,343.7MiB / 15.47GiB
14:31:19,lucky-star-kafka-ui,0.11%,290.9MiB / 15.47GiB
14:31:19,lucky-star-postgres,109.48%,789.2MiB / 15.47GiB
14:31:19,lucky-star-redis,19.97%,13.44MiB / 15.47GiB
14:31:19,lucky-star-kafka,157.37%,1.279GiB / 15.47GiB
14:31:19,lucky-star-mysql,23.01%,599.6MiB / 15.47GiB
14:31:19,lucky-star-grafana,0.13%,57.82MiB / 15.47GiB
14:31:19,lucky-star-prometheus,0.76%,74.97MiB / 15.47GiB
14:31:19,lucky-star-zookeeper,0.15%,134.7MiB / 15.47GiB
14:31:21,lucky-star-wallet-service,211.40%,703.8MiB / 15.47GiB
14:31:21,lucky-star-gateway-service,77.48%,522.5MiB / 15.47GiB
14:31:21,lucky-star-game-service,205.79%,997.5MiB / 15.47GiB
14:31:21,lucky-star-member-service,0.63%,701MiB / 15.47GiB
14:31:21,lucky-star-admin-service,32.85%,663.4MiB / 15.47GiB
14:31:21,lucky-star-rank-service,21.21%,631.1MiB / 15.47GiB
14:31:21,lucky-star-notification-service,16.90%,343.4MiB / 15.47GiB
14:31:21,lucky-star-kafka-ui,0.11%,290.9MiB / 15.47GiB
14:31:21,lucky-star-postgres,102.95%,789.8MiB / 15.47GiB
14:31:21,lucky-star-redis,18.52%,13.28MiB / 15.47GiB
14:31:21,lucky-star-kafka,141.55%,1.304GiB / 15.47GiB
14:31:21,lucky-star-mysql,25.55%,600.1MiB / 15.47GiB
14:31:21,lucky-star-grafana,0.06%,57.82MiB / 15.47GiB
14:31:21,lucky-star-prometheus,1.27%,74.94MiB / 15.47GiB
14:31:21,lucky-star-zookeeper,7.58%,134.7MiB / 15.47GiB
14:31:23,lucky-star-wallet-service,279.64%,720.7MiB / 15.47GiB
14:31:23,lucky-star-gateway-service,82.76%,522.3MiB / 15.47GiB
14:31:23,lucky-star-game-service,202.81%,998.4MiB / 15.47GiB
14:31:23,lucky-star-member-service,0.77%,701MiB / 15.47GiB
14:31:23,lucky-star-admin-service,30.91%,662.9MiB / 15.47GiB
14:31:23,lucky-star-rank-service,22.22%,631.1MiB / 15.47GiB
14:31:23,lucky-star-notification-service,18.15%,343.9MiB / 15.47GiB
14:31:23,lucky-star-kafka-ui,0.11%,290.9MiB / 15.47GiB
14:31:23,lucky-star-postgres,94.40%,789.5MiB / 15.47GiB
14:31:23,lucky-star-redis,21.17%,14.23MiB / 15.47GiB
14:31:23,lucky-star-kafka,153.39%,1.323GiB / 15.47GiB
14:31:23,lucky-star-mysql,23.44%,600.3MiB / 15.47GiB
14:31:23,lucky-star-grafana,0.05%,57.82MiB / 15.47GiB
14:31:23,lucky-star-prometheus,0.44%,74.91MiB / 15.47GiB
14:31:23,lucky-star-zookeeper,0.11%,134.7MiB / 15.47GiB
14:31:25,lucky-star-wallet-service,279.11%,722.3MiB / 15.47GiB
14:31:25,lucky-star-gateway-service,87.46%,522.7MiB / 15.47GiB
14:31:25,lucky-star-game-service,219.82%,998.4MiB / 15.47GiB
14:31:25,lucky-star-member-service,0.42%,701.2MiB / 15.47GiB
14:31:25,lucky-star-admin-service,33.55%,662.4MiB / 15.47GiB
14:31:25,lucky-star-rank-service,23.11%,631.3MiB / 15.47GiB
14:31:25,lucky-star-notification-service,18.32%,343.7MiB / 15.47GiB
14:31:25,lucky-star-kafka-ui,1.60%,291MiB / 15.47GiB
14:31:25,lucky-star-postgres,101.24%,790.3MiB / 15.47GiB
14:31:25,lucky-star-redis,20.61%,12.79MiB / 15.47GiB
14:31:25,lucky-star-kafka,85.14%,1.244GiB / 15.47GiB
14:31:25,lucky-star-mysql,25.85%,600.1MiB / 15.47GiB
14:31:25,lucky-star-grafana,0.09%,57.82MiB / 15.47GiB
14:31:25,lucky-star-prometheus,1.59%,75.15MiB / 15.47GiB
14:31:25,lucky-star-zookeeper,0.12%,134.7MiB / 15.47GiB
14:31:27,lucky-star-wallet-service,263.14%,728.5MiB / 15.47GiB
14:31:27,lucky-star-gateway-service,89.28%,523.6MiB / 15.47GiB
14:31:27,lucky-star-game-service,211.03%,999.6MiB / 15.47GiB
14:31:27,lucky-star-member-service,2.83%,704MiB / 15.47GiB
14:31:27,lucky-star-admin-service,31.05%,662.9MiB / 15.47GiB
14:31:27,lucky-star-rank-service,30.08%,631.5MiB / 15.47GiB
14:31:27,lucky-star-notification-service,21.61%,345.5MiB / 15.47GiB
14:31:27,lucky-star-kafka-ui,0.13%,290.9MiB / 15.47GiB
14:31:27,lucky-star-postgres,99.94%,790.6MiB / 15.47GiB
14:31:27,lucky-star-redis,25.83%,13.04MiB / 15.47GiB
14:31:27,lucky-star-kafka,74.16%,1.245GiB / 15.47GiB
14:31:27,lucky-star-mysql,27.50%,599.8MiB / 15.47GiB
14:31:27,lucky-star-grafana,0.04%,57.82MiB / 15.47GiB
14:31:27,lucky-star-prometheus,0.89%,74.91MiB / 15.47GiB
14:31:27,lucky-star-zookeeper,0.13%,134.7MiB / 15.47GiB
14:31:29,lucky-star-wallet-service,193.02%,729.9MiB / 15.47GiB
14:31:29,lucky-star-gateway-service,96.68%,522.3MiB / 15.47GiB
14:31:29,lucky-star-game-service,224.70%,999.1MiB / 15.47GiB
14:31:29,lucky-star-member-service,1.90%,701MiB / 15.47GiB
14:31:29,lucky-star-admin-service,39.30%,662.9MiB / 15.47GiB
14:31:29,lucky-star-rank-service,28.57%,631.5MiB / 15.47GiB
14:31:29,lucky-star-notification-service,20.44%,343.7MiB / 15.47GiB
14:31:29,lucky-star-kafka-ui,0.11%,290.9MiB / 15.47GiB
14:31:29,lucky-star-postgres,100.96%,790.3MiB / 15.47GiB
14:31:29,lucky-star-redis,26.51%,13.5MiB / 15.47GiB
14:31:29,lucky-star-kafka,80.42%,1.246GiB / 15.47GiB
14:31:29,lucky-star-mysql,24.05%,599.8MiB / 15.47GiB
14:31:29,lucky-star-grafana,0.07%,57.82MiB / 15.47GiB
14:31:29,lucky-star-prometheus,1.96%,74.93MiB / 15.47GiB
14:31:29,lucky-star-zookeeper,0.12%,134.7MiB / 15.47GiB
14:31:32,lucky-star-wallet-service,177.35%,729.5MiB / 15.47GiB
14:31:32,lucky-star-gateway-service,95.41%,522.4MiB / 15.47GiB
14:31:32,lucky-star-game-service,225.60%,999MiB / 15.47GiB
14:31:32,lucky-star-member-service,0.55%,701MiB / 15.47GiB
14:31:32,lucky-star-admin-service,39.96%,663.4MiB / 15.47GiB
14:31:32,lucky-star-rank-service,23.69%,632MiB / 15.47GiB
14:31:32,lucky-star-notification-service,20.10%,344MiB / 15.47GiB
14:31:32,lucky-star-kafka-ui,0.11%,290.9MiB / 15.47GiB
14:31:32,lucky-star-postgres,115.96%,791MiB / 15.47GiB
14:31:32,lucky-star-redis,21.87%,13.95MiB / 15.47GiB
14:31:32,lucky-star-kafka,76.68%,1.246GiB / 15.47GiB
14:31:32,lucky-star-mysql,27.26%,599.6MiB / 15.47GiB
14:31:32,lucky-star-grafana,0.07%,57.82MiB / 15.47GiB
14:31:32,lucky-star-prometheus,0.60%,74.91MiB / 15.47GiB
14:31:32,lucky-star-zookeeper,5.99%,134.7MiB / 15.47GiB
14:31:34,lucky-star-wallet-service,205.87%,730.4MiB / 15.47GiB
14:31:34,lucky-star-gateway-service,100.17%,522.1MiB / 15.47GiB
14:31:34,lucky-star-game-service,240.98%,998.3MiB / 15.47GiB
14:31:34,lucky-star-member-service,1.58%,701.2MiB / 15.47GiB
14:31:34,lucky-star-admin-service,31.38%,662.4MiB / 15.47GiB
14:31:34,lucky-star-rank-service,22.05%,631.5MiB / 15.47GiB
14:31:34,lucky-star-notification-service,19.44%,343.8MiB / 15.47GiB
14:31:34,lucky-star-kafka-ui,0.15%,290.9MiB / 15.47GiB
14:31:34,lucky-star-postgres,119.52%,790.3MiB / 15.47GiB
14:31:34,lucky-star-redis,35.16%,16.37MiB / 15.47GiB
14:31:34,lucky-star-kafka,76.77%,1.246GiB / 15.47GiB
14:31:34,lucky-star-mysql,26.76%,600.1MiB / 15.47GiB
14:31:34,lucky-star-grafana,0.06%,57.82MiB / 15.47GiB
14:31:34,lucky-star-prometheus,0.47%,75.64MiB / 15.47GiB
14:31:34,lucky-star-zookeeper,0.09%,134.7MiB / 15.47GiB
14:31:36,lucky-star-wallet-service,185.95%,729.8MiB / 15.47GiB
14:31:36,lucky-star-gateway-service,99.84%,522.3MiB / 15.47GiB
14:31:36,lucky-star-game-service,234.90%,999MiB / 15.47GiB
14:31:36,lucky-star-member-service,0.36%,701MiB / 15.47GiB
14:31:36,lucky-star-admin-service,33.51%,662.9MiB / 15.47GiB
14:31:36,lucky-star-rank-service,20.86%,631.7MiB / 15.47GiB
14:31:36,lucky-star-notification-service,14.35%,343.8MiB / 15.47GiB
14:31:36,lucky-star-kafka-ui,0.11%,290.9MiB / 15.47GiB
14:31:36,lucky-star-postgres,106.38%,789.6MiB / 15.47GiB
14:31:36,lucky-star-redis,23.24%,14.07MiB / 15.47GiB
14:31:36,lucky-star-kafka,152.23%,1.283GiB / 15.47GiB
14:31:36,lucky-star-mysql,24.91%,600MiB / 15.47GiB
14:31:36,lucky-star-grafana,0.07%,57.82MiB / 15.47GiB
14:31:36,lucky-star-prometheus,1.68%,75.06MiB / 15.47GiB
14:31:36,lucky-star-zookeeper,0.10%,134.7MiB / 15.47GiB
14:31:38,lucky-star-wallet-service,184.96%,730MiB / 15.47GiB
14:31:38,lucky-star-gateway-service,95.52%,521.9MiB / 15.47GiB
14:31:38,lucky-star-game-service,221.34%,998.8MiB / 15.47GiB
14:31:38,lucky-star-member-service,5.31%,701MiB / 15.47GiB
14:31:38,lucky-star-admin-service,23.42%,662.9MiB / 15.47GiB
14:31:38,lucky-star-rank-service,19.98%,631.5MiB / 15.47GiB
14:31:38,lucky-star-notification-service,18.60%,343.8MiB / 15.47GiB
14:31:38,lucky-star-kafka-ui,0.19%,290.9MiB / 15.47GiB
14:31:38,lucky-star-postgres,103.36%,790.2MiB / 15.47GiB
14:31:38,lucky-star-redis,18.39%,13.32MiB / 15.47GiB
14:31:38,lucky-star-kafka,124.04%,1.306GiB / 15.47GiB
14:31:38,lucky-star-mysql,30.37%,599.8MiB / 15.47GiB
14:31:38,lucky-star-grafana,0.14%,57.82MiB / 15.47GiB
14:31:38,lucky-star-prometheus,0.64%,74.92MiB / 15.47GiB
14:31:38,lucky-star-zookeeper,0.20%,134.7MiB / 15.47GiB
14:31:40,lucky-star-wallet-service,201.99%,730.9MiB / 15.47GiB
14:31:40,lucky-star-gateway-service,87.73%,521.8MiB / 15.47GiB
14:31:40,lucky-star-game-service,242.79%,999.1MiB / 15.47GiB
14:31:40,lucky-star-member-service,0.32%,701.2MiB / 15.47GiB
14:31:40,lucky-star-admin-service,35.31%,662.7MiB / 15.47GiB
14:31:40,lucky-star-rank-service,21.20%,632.2MiB / 15.47GiB
14:31:40,lucky-star-notification-service,17.84%,343.8MiB / 15.47GiB
14:31:40,lucky-star-kafka-ui,0.12%,290.9MiB / 15.47GiB
14:31:40,lucky-star-postgres,100.91%,791MiB / 15.47GiB
14:31:40,lucky-star-redis,19.85%,13.9MiB / 15.47GiB
14:31:40,lucky-star-kafka,159.26%,1.329GiB / 15.47GiB
14:31:40,lucky-star-mysql,25.15%,599.8MiB / 15.47GiB
14:31:40,lucky-star-grafana,0.09%,57.82MiB / 15.47GiB
14:31:40,lucky-star-prometheus,1.38%,75.18MiB / 15.47GiB
14:31:40,lucky-star-zookeeper,0.10%,134.7MiB / 15.47GiB
14:31:42,lucky-star-wallet-service,221.22%,730.6MiB / 15.47GiB
14:31:42,lucky-star-gateway-service,92.19%,522.1MiB / 15.47GiB
14:31:42,lucky-star-game-service,229.27%,999.1MiB / 15.47GiB
14:31:42,lucky-star-member-service,0.30%,701.2MiB / 15.47GiB
14:31:42,lucky-star-admin-service,39.64%,663.4MiB / 15.47GiB
14:31:42,lucky-star-rank-service,25.76%,631.3MiB / 15.47GiB
14:31:42,lucky-star-notification-service,22.73%,344MiB / 15.47GiB
14:31:42,lucky-star-kafka-ui,0.11%,290.9MiB / 15.47GiB
14:31:42,lucky-star-postgres,103.21%,791.9MiB / 15.47GiB
14:31:42,lucky-star-redis,27.57%,13.03MiB / 15.47GiB
14:31:42,lucky-star-kafka,85.05%,1.247GiB / 15.47GiB
14:31:42,lucky-star-mysql,24.94%,599.8MiB / 15.47GiB
14:31:42,lucky-star-grafana,0.07%,57.82MiB / 15.47GiB
14:31:42,lucky-star-prometheus,0.68%,74.92MiB / 15.47GiB
14:31:42,lucky-star-zookeeper,0.09%,134.7MiB / 15.47GiB
14:31:44,lucky-star-wallet-service,233.82%,730.9MiB / 15.47GiB
14:31:44,lucky-star-gateway-service,89.85%,522.3MiB / 15.47GiB
14:31:44,lucky-star-game-service,222.45%,999.2MiB / 15.47GiB
14:31:44,lucky-star-member-service,2.61%,701MiB / 15.47GiB
14:31:44,lucky-star-admin-service,34.04%,663.4MiB / 15.47GiB
14:31:44,lucky-star-rank-service,29.48%,631.8MiB / 15.47GiB
14:31:44,lucky-star-notification-service,20.23%,343.6MiB / 15.47GiB
14:31:44,lucky-star-kafka-ui,0.12%,290.9MiB / 15.47GiB
14:31:44,lucky-star-postgres,101.68%,792.3MiB / 15.47GiB
14:31:44,lucky-star-redis,22.00%,13.73MiB / 15.47GiB
14:31:44,lucky-star-kafka,81.16%,1.247GiB / 15.47GiB
14:31:44,lucky-star-mysql,28.17%,599.6MiB / 15.47GiB
14:31:44,lucky-star-grafana,0.06%,57.82MiB / 15.47GiB
14:31:44,lucky-star-prometheus,0.64%,74.92MiB / 15.47GiB
14:31:44,lucky-star-zookeeper,0.10%,134.7MiB / 15.47GiB
14:31:46,lucky-star-wallet-service,151.14%,730.9MiB / 15.47GiB
14:31:46,lucky-star-gateway-service,88.16%,521.6MiB / 15.47GiB
14:31:46,lucky-star-game-service,217.83%,1000MiB / 15.47GiB
14:31:46,lucky-star-member-service,0.43%,701MiB / 15.47GiB
14:31:46,lucky-star-admin-service,37.76%,663.4MiB / 15.47GiB
14:31:46,lucky-star-rank-service,30.22%,631.5MiB / 15.47GiB
14:31:46,lucky-star-notification-service,20.22%,344.3MiB / 15.47GiB
14:31:46,lucky-star-kafka-ui,0.11%,290.9MiB / 15.47GiB
14:31:46,lucky-star-postgres,96.41%,790.1MiB / 15.47GiB
14:31:46,lucky-star-redis,22.79%,13.08MiB / 15.47GiB
14:31:46,lucky-star-kafka,81.17%,1.247GiB / 15.47GiB
14:31:46,lucky-star-mysql,29.83%,599.6MiB / 15.47GiB
14:31:46,lucky-star-grafana,0.09%,57.82MiB / 15.47GiB
14:31:46,lucky-star-prometheus,0.88%,74.92MiB / 15.47GiB
14:31:46,lucky-star-zookeeper,0.12%,134.7MiB / 15.47GiB
14:31:49,lucky-star-wallet-service,95.20%,730.4MiB / 15.47GiB
14:31:49,lucky-star-gateway-service,21.41%,520.6MiB / 15.47GiB
14:31:49,lucky-star-game-service,70.67%,996.9MiB / 15.47GiB
14:31:49,lucky-star-member-service,5.60%,701MiB / 15.47GiB
14:31:49,lucky-star-admin-service,63.92%,664.1MiB / 15.47GiB
14:31:49,lucky-star-rank-service,48.46%,633.2MiB / 15.47GiB
14:31:49,lucky-star-notification-service,13.86%,344.1MiB / 15.47GiB
14:31:49,lucky-star-kafka-ui,0.09%,290.9MiB / 15.47GiB
14:31:49,lucky-star-postgres,35.27%,789.8MiB / 15.47GiB
14:31:49,lucky-star-redis,23.86%,14.02MiB / 15.47GiB
14:31:49,lucky-star-kafka,99.30%,1.248GiB / 15.47GiB
14:31:49,lucky-star-mysql,33.03%,600.3MiB / 15.47GiB
14:31:49,lucky-star-grafana,0.18%,57.82MiB / 15.47GiB
14:31:49,lucky-star-prometheus,0.33%,74.92MiB / 15.47GiB
14:31:49,lucky-star-zookeeper,0.19%,134.7MiB / 15.47GiB
14:31:51,lucky-star-wallet-service,32.36%,730.8MiB / 15.47GiB
14:31:51,lucky-star-gateway-service,0.23%,520.6MiB / 15.47GiB
14:31:51,lucky-star-game-service,0.39%,996.8MiB / 15.47GiB
14:31:51,lucky-star-member-service,0.28%,701.2MiB / 15.47GiB
14:31:51,lucky-star-admin-service,84.13%,664.1MiB / 15.47GiB
14:31:51,lucky-star-rank-service,57.43%,633.3MiB / 15.47GiB
14:31:51,lucky-star-notification-service,0.56%,343.6MiB / 15.47GiB
14:31:51,lucky-star-kafka-ui,0.10%,290.9MiB / 15.47GiB
14:31:51,lucky-star-postgres,0.78%,790.1MiB / 15.47GiB
14:31:51,lucky-star-redis,30.71%,14.47MiB / 15.47GiB
14:31:51,lucky-star-kafka,105.14%,1.249GiB / 15.47GiB
14:31:51,lucky-star-mysql,27.48%,601.3MiB / 15.47GiB
14:31:51,lucky-star-grafana,0.05%,57.82MiB / 15.47GiB
14:31:51,lucky-star-prometheus,0.98%,74.98MiB / 15.47GiB
14:31:51,lucky-star-zookeeper,0.09%,134.7MiB / 15.47GiB
14:31:53,lucky-star-wallet-service,35.90%,730.4MiB / 15.47GiB
14:31:53,lucky-star-gateway-service,1.29%,520.3MiB / 15.47GiB
14:31:53,lucky-star-game-service,2.87%,997MiB / 15.47GiB
14:31:53,lucky-star-member-service,0.40%,701MiB / 15.47GiB
14:31:53,lucky-star-admin-service,82.27%,664.1MiB / 15.47GiB
14:31:53,lucky-star-rank-service,57.67%,632.8MiB / 15.47GiB
14:31:53,lucky-star-notification-service,1.75%,344.1MiB / 15.47GiB
14:31:53,lucky-star-kafka-ui,0.09%,290.9MiB / 15.47GiB
14:31:53,lucky-star-postgres,1.03%,789.8MiB / 15.47GiB
14:31:53,lucky-star-redis,29.33%,13.59MiB / 15.47GiB
14:31:53,lucky-star-kafka,210.49%,1.249GiB / 15.47GiB
14:31:53,lucky-star-mysql,30.37%,600.3MiB / 15.47GiB
14:31:53,lucky-star-grafana,0.68%,57.82MiB / 15.47GiB
14:31:53,lucky-star-prometheus,1.17%,76.18MiB / 15.47GiB
14:31:53,lucky-star-zookeeper,0.08%,134.7MiB / 15.47GiB
14:31:55,lucky-star-wallet-service,38.39%,730.6MiB / 15.47GiB
14:31:55,lucky-star-gateway-service,0.69%,520.2MiB / 15.47GiB
14:31:55,lucky-star-game-service,0.40%,996.6MiB / 15.47GiB
14:31:55,lucky-star-member-service,0.26%,701.2MiB / 15.47GiB
14:31:55,lucky-star-admin-service,84.31%,664.2MiB / 15.47GiB
14:31:55,lucky-star-rank-service,54.95%,633MiB / 15.47GiB
14:31:55,lucky-star-notification-service,0.55%,344.3MiB / 15.47GiB
14:31:55,lucky-star-kafka-ui,0.07%,290.9MiB / 15.47GiB
14:31:55,lucky-star-postgres,0.82%,789.6MiB / 15.47GiB
14:31:55,lucky-star-redis,26.91%,14.31MiB / 15.47GiB
14:31:55,lucky-star-kafka,115.78%,1.25GiB / 15.47GiB
14:31:55,lucky-star-mysql,28.52%,601.3MiB / 15.47GiB
14:31:55,lucky-star-grafana,0.07%,57.82MiB / 15.47GiB
14:31:55,lucky-star-prometheus,1.84%,75.41MiB / 15.47GiB
14:31:55,lucky-star-zookeeper,0.10%,134.7MiB / 15.47GiB
14:31:57,lucky-star-wallet-service,27.29%,731MiB / 15.47GiB
14:31:57,lucky-star-gateway-service,0.19%,520.2MiB / 15.47GiB
14:31:57,lucky-star-game-service,0.40%,996.6MiB / 15.47GiB
14:31:57,lucky-star-member-service,0.40%,701.5MiB / 15.47GiB
14:31:57,lucky-star-admin-service,86.80%,664.6MiB / 15.47GiB
14:31:57,lucky-star-rank-service,55.37%,633.5MiB / 15.47GiB
14:31:57,lucky-star-notification-service,1.48%,344.1MiB / 15.47GiB
14:31:57,lucky-star-kafka-ui,0.11%,290.9MiB / 15.47GiB
14:31:57,lucky-star-postgres,51.52%,812.3MiB / 15.47GiB
14:31:57,lucky-star-redis,26.96%,14.54MiB / 15.47GiB
14:31:57,lucky-star-kafka,106.61%,1.25GiB / 15.47GiB
14:31:57,lucky-star-mysql,28.55%,600.8MiB / 15.47GiB
14:31:57,lucky-star-grafana,0.05%,57.82MiB / 15.47GiB
14:31:57,lucky-star-prometheus,0.04%,75.18MiB / 15.47GiB
14:31:57,lucky-star-zookeeper,0.08%,134.7MiB / 15.47GiB
14:31:59,lucky-star-wallet-service,31.73%,731.3MiB / 15.47GiB
14:31:59,lucky-star-gateway-service,0.17%,520.2MiB / 15.47GiB
14:31:59,lucky-star-game-service,2.36%,996.7MiB / 15.47GiB
14:31:59,lucky-star-member-service,1.26%,701.2MiB / 15.47GiB
14:31:59,lucky-star-admin-service,48.34%,663.8MiB / 15.47GiB
14:31:59,lucky-star-rank-service,54.41%,633.2MiB / 15.47GiB
14:31:59,lucky-star-notification-service,6.13%,344.8MiB / 15.47GiB
14:31:59,lucky-star-kafka-ui,0.10%,290.9MiB / 15.47GiB
14:31:59,lucky-star-postgres,98.17%,820.9MiB / 15.47GiB
14:31:59,lucky-star-redis,21.46%,13.58MiB / 15.47GiB
14:31:59,lucky-star-kafka,79.00%,1.25GiB / 15.47GiB
14:31:59,lucky-star-mysql,35.72%,599.9MiB / 15.47GiB
14:31:59,lucky-star-grafana,0.13%,57.82MiB / 15.47GiB
14:31:59,lucky-star-prometheus,0.91%,74.93MiB / 15.47GiB
14:31:59,lucky-star-zookeeper,0.16%,134.7MiB / 15.47GiB
14:32:01,lucky-star-wallet-service,25.18%,731MiB / 15.47GiB
14:32:01,lucky-star-gateway-service,0.28%,520.2MiB / 15.47GiB
14:32:01,lucky-star-game-service,0.17%,996.6MiB / 15.47GiB
14:32:01,lucky-star-member-service,0.29%,701MiB / 15.47GiB
14:32:01,lucky-star-admin-service,78.67%,667.7MiB / 15.47GiB
14:32:01,lucky-star-rank-service,56.66%,633MiB / 15.47GiB
14:32:01,lucky-star-notification-service,3.15%,344.3MiB / 15.47GiB
14:32:01,lucky-star-kafka-ui,0.09%,290.9MiB / 15.47GiB
14:32:01,lucky-star-postgres,98.75%,820.9MiB / 15.47GiB
14:32:01,lucky-star-redis,23.18%,13.62MiB / 15.47GiB
14:32:01,lucky-star-kafka,65.56%,1.251GiB / 15.47GiB
14:32:01,lucky-star-mysql,26.40%,600.4MiB / 15.47GiB
14:32:01,lucky-star-grafana,0.09%,57.82MiB / 15.47GiB
14:32:01,lucky-star-prometheus,1.69%,74.96MiB / 15.47GiB
14:32:01,lucky-star-zookeeper,0.08%,134.7MiB / 15.47GiB
14:32:03,lucky-star-wallet-service,28.57%,731.2MiB / 15.47GiB
14:32:03,lucky-star-gateway-service,0.18%,520.2MiB / 15.47GiB
14:32:03,lucky-star-game-service,0.70%,996.6MiB / 15.47GiB
14:32:03,lucky-star-member-service,0.27%,701MiB / 15.47GiB
14:32:03,lucky-star-admin-service,47.91%,661MiB / 15.47GiB
14:32:03,lucky-star-rank-service,56.26%,633.5MiB / 15.47GiB
14:32:03,lucky-star-notification-service,0.66%,343.6MiB / 15.47GiB
14:32:03,lucky-star-kafka-ui,0.09%,290.9MiB / 15.47GiB
14:32:03,lucky-star-postgres,97.67%,820.1MiB / 15.47GiB
14:32:03,lucky-star-redis,25.08%,13.68MiB / 15.47GiB
14:32:03,lucky-star-kafka,152.88%,1.287GiB / 15.47GiB
14:32:03,lucky-star-mysql,29.65%,601.1MiB / 15.47GiB
14:32:03,lucky-star-grafana,0.05%,57.82MiB / 15.47GiB
14:32:03,lucky-star-prometheus,0.73%,74.98MiB / 15.47GiB
14:32:03,lucky-star-zookeeper,0.09%,134.7MiB / 15.47GiB
14:32:05,lucky-star-wallet-service,29.03%,731.9MiB / 15.47GiB
14:32:05,lucky-star-gateway-service,1.20%,520.2MiB / 15.47GiB
14:32:05,lucky-star-game-service,0.18%,996.7MiB / 15.47GiB
14:32:05,lucky-star-member-service,0.42%,701.2MiB / 15.47GiB
14:32:05,lucky-star-admin-service,41.84%,660.3MiB / 15.47GiB
14:32:05,lucky-star-rank-service,53.60%,632.8MiB / 15.47GiB
14:32:05,lucky-star-notification-service,0.54%,343.8MiB / 15.47GiB
14:32:05,lucky-star-kafka-ui,0.10%,290.9MiB / 15.47GiB
14:32:05,lucky-star-postgres,97.93%,817.7MiB / 15.47GiB
14:32:05,lucky-star-redis,21.03%,13.69MiB / 15.47GiB
14:32:05,lucky-star-kafka,129.77%,1.251GiB / 15.47GiB
14:32:05,lucky-star-mysql,29.10%,600.8MiB / 15.47GiB
14:32:05,lucky-star-grafana,0.04%,57.82MiB / 15.47GiB
14:32:05,lucky-star-prometheus,6.70%,76.48MiB / 15.47GiB
14:32:05,lucky-star-zookeeper,0.09%,134.7MiB / 15.47GiB
14:32:07,lucky-star-wallet-service,20.35%,732.1MiB / 15.47GiB
14:32:07,lucky-star-gateway-service,0.16%,520.2MiB / 15.47GiB
14:32:07,lucky-star-game-service,0.16%,996.7MiB / 15.47GiB
14:32:07,lucky-star-member-service,0.33%,701MiB / 15.47GiB
14:32:07,lucky-star-admin-service,0.48%,659.3MiB / 15.47GiB
14:32:07,lucky-star-rank-service,50.46%,633.5MiB / 15.47GiB
14:32:07,lucky-star-notification-service,1.26%,344.4MiB / 15.47GiB
14:32:07,lucky-star-kafka-ui,0.08%,290.9MiB / 15.47GiB
14:32:07,lucky-star-postgres,97.35%,817.9MiB / 15.47GiB
14:32:07,lucky-star-redis,17.00%,14.09MiB / 15.47GiB
14:32:07,lucky-star-kafka,46.87%,1.251GiB / 15.47GiB
14:32:07,lucky-star-mysql,26.50%,601.3MiB / 15.47GiB
14:32:07,lucky-star-grafana,0.08%,57.82MiB / 15.47GiB
14:32:07,lucky-star-prometheus,0.49%,75.43MiB / 15.47GiB
14:32:07,lucky-star-zookeeper,0.10%,134.7MiB / 15.47GiB
14:32:09,lucky-star-wallet-service,19.10%,731.6MiB / 15.47GiB
14:32:09,lucky-star-gateway-service,0.15%,520.5MiB / 15.47GiB
14:32:09,lucky-star-game-service,0.24%,996.8MiB / 15.47GiB
14:32:09,lucky-star-member-service,1.11%,701.7MiB / 15.47GiB
14:32:09,lucky-star-admin-service,1.52%,659.3MiB / 15.47GiB
14:32:09,lucky-star-rank-service,49.80%,632.6MiB / 15.47GiB
14:32:09,lucky-star-notification-service,0.49%,344.1MiB / 15.47GiB
14:32:09,lucky-star-kafka-ui,0.08%,290.9MiB / 15.47GiB
14:32:09,lucky-star-postgres,95.20%,818.2MiB / 15.47GiB
14:32:09,lucky-star-redis,14.55%,13.68MiB / 15.47GiB
14:32:09,lucky-star-kafka,37.91%,1.252GiB / 15.47GiB
14:32:09,lucky-star-mysql,23.88%,600.6MiB / 15.47GiB
14:32:09,lucky-star-grafana,0.07%,57.82MiB / 15.47GiB
14:32:09,lucky-star-prometheus,0.96%,76.38MiB / 15.47GiB
14:32:09,lucky-star-zookeeper,0.28%,134.7MiB / 15.47GiB
14:32:11,lucky-star-wallet-service,21.66%,731.4MiB / 15.47GiB
14:32:11,lucky-star-gateway-service,0.28%,520.2MiB / 15.47GiB
14:32:11,lucky-star-game-service,0.16%,996.7MiB / 15.47GiB
14:32:11,lucky-star-member-service,0.39%,701.2MiB / 15.47GiB
14:32:11,lucky-star-admin-service,5.50%,659.1MiB / 15.47GiB
14:32:11,lucky-star-rank-service,51.56%,633.1MiB / 15.47GiB
14:32:11,lucky-star-notification-service,0.46%,344.1MiB / 15.47GiB
14:32:11,lucky-star-kafka-ui,0.13%,290.9MiB / 15.47GiB
14:32:11,lucky-star-postgres,103.64%,818.7MiB / 15.47GiB
14:32:11,lucky-star-redis,15.13%,13.69MiB / 15.47GiB
14:32:11,lucky-star-kafka,39.29%,1.251GiB / 15.47GiB
14:32:11,lucky-star-mysql,26.05%,601.1MiB / 15.47GiB
14:32:11,lucky-star-grafana,0.06%,57.82MiB / 15.47GiB
14:32:11,lucky-star-prometheus,0.87%,74.96MiB / 15.47GiB
14:32:11,lucky-star-zookeeper,4.70%,135.5MiB / 15.47GiB
14:32:14,lucky-star-wallet-service,29.93%,731.7MiB / 15.47GiB
14:32:14,lucky-star-gateway-service,0.16%,520.2MiB / 15.47GiB
14:32:14,lucky-star-game-service,0.68%,996.7MiB / 15.47GiB
14:32:14,lucky-star-member-service,0.30%,701.2MiB / 15.47GiB
14:32:14,lucky-star-admin-service,0.47%,660.6MiB / 15.47GiB
14:32:14,lucky-star-rank-service,17.81%,633.3MiB / 15.47GiB
14:32:14,lucky-star-notification-service,0.51%,344.6MiB / 15.47GiB
14:32:14,lucky-star-kafka-ui,0.09%,290.9MiB / 15.47GiB
14:32:14,lucky-star-postgres,95.47%,818.2MiB / 15.47GiB
14:32:14,lucky-star-redis,5.35%,13.93MiB / 15.47GiB
14:32:14,lucky-star-kafka,18.95%,1.251GiB / 15.47GiB
14:32:14,lucky-star-mysql,21.93%,600.6MiB / 15.47GiB
14:32:14,lucky-star-grafana,0.07%,57.82MiB / 15.47GiB
14:32:14,lucky-star-prometheus,0.57%,75.86MiB / 15.47GiB
14:32:14,lucky-star-zookeeper,0.08%,134.7MiB / 15.47GiB
14:32:16,lucky-star-wallet-service,22.62%,732.6MiB / 15.47GiB
14:32:16,lucky-star-gateway-service,0.23%,520.5MiB / 15.47GiB
14:32:16,lucky-star-game-service,0.24%,996.7MiB / 15.47GiB
14:32:16,lucky-star-member-service,0.27%,701.2MiB / 15.47GiB
14:32:16,lucky-star-admin-service,0.45%,660.7MiB / 15.47GiB
14:32:16,lucky-star-rank-service,0.54%,631.8MiB / 15.47GiB
14:32:16,lucky-star-notification-service,0.54%,344.6MiB / 15.47GiB
14:32:16,lucky-star-kafka-ui,0.09%,290.9MiB / 15.47GiB
14:32:16,lucky-star-postgres,95.94%,818.6MiB / 15.47GiB
14:32:16,lucky-star-redis,0.32%,13.44MiB / 15.47GiB
14:32:16,lucky-star-kafka,150.00%,1.314GiB / 15.47GiB
14:32:16,lucky-star-mysql,23.20%,601.1MiB / 15.47GiB
14:32:16,lucky-star-grafana,0.08%,57.82MiB / 15.47GiB
14:32:16,lucky-star-prometheus,1.20%,76MiB / 15.47GiB
14:32:16,lucky-star-zookeeper,0.08%,134.7MiB / 15.47GiB
